{"cameraMode":{"drawMode":0,"name":"Shaded","section":"Shading Mode"},"sceneLighting":false,"audioPlay":false,"sceneViewState":{"showFog":true,"showMaterialUpdate":false,"showSkybox":false,"showFlares":true,"showImageEffects":true,"showParticleSystems":true},"in2DMode":false,"pivot":{"x":6.036245822906494,"y":3.5597317218780519,"z":0.030104070901870729},"rotation":{"x":-0.12392977625131607,"y":-0.6766292452812195,"z":0.11705997586250305,"w":-0.7163314819335938},"size":6.982672691345215,"orthographic":false}