{"cameraMode":{"drawMode":0,"name":"Shaded","section":"Shading Mode"},"sceneLighting":false,"audioPlay":false,"sceneViewState":{"showFog":true,"showMaterialUpdate":false,"showSkybox":false,"showFlares":true,"showImageEffects":true,"showParticleSystems":true},"in2DMode":false,"pivot":{"x":4.567039966583252,"y":-0.7268356084823608,"z":0.3160865902900696},"rotation":{"x":-0.12392977625131607,"y":-0.6766292452812195,"z":0.11705997586250305,"w":-0.7163314819335938},"size":6.4644389152526859,"orthographic":false}