{"cameraMode":{"drawMode":0,"name":"Shaded","section":"Shading Mode"},"sceneLighting":true,"audioPlay":false,"sceneViewState":{"showFog":true,"showMaterialUpdate":false,"showSkybox":true,"showFlares":true,"showImageEffects":true,"showParticleSystems":true},"in2DMode":false,"pivot":{"x":5.212897300720215,"y":-1.7403011322021485,"z":233.50384521484376},"rotation":{"x":0.16748622059822083,"y":0.019219279289245607,"z":-0.0032660551369190218,"w":0.9856930375099182},"size":59.227596282958987,"orthographic":false}